<?xml version="1.0" encoding="UTF-8"?>
<project-private xmlns="http://www.netbeans.org/ns/project-private/1">
    <editor-bookmarks xmlns="http://www.netbeans.org/ns/editor-bookmarks/2" lastBookmarkId="0"/>
    <open-files xmlns="http://www.netbeans.org/ns/projectui-open-files/2">
        <group>
            <file>file:/C:/Users/Johana/Documents/Workspace/Integrador%20POO/Administrador_DelPersonal/src/Entidad/EmpleadoConComision.java</file>
            <file>file:/C:/Users/Johana/Documents/Workspace/Integrador%20POO/Administrador_DelPersonal/src/Entidad/Empleado.java</file>
            <file>file:/C:/Users/Johana/Documents/Workspace/Integrador%20POO/Administrador_DelPersonal/src/Entidad/Empresa.java</file>
            <file>file:/C:/Users/Johana/Documents/Workspace/Integrador%20POO/Administrador_DelPersonal/src/Entidad/EmpleadoSalarioFijo.java</file>
            <file>file:/C:/Users/Johana/Documents/Workspace/Integrador%20POO/Administrador_DelPersonal/src/Main/Main.java</file>
            <file>file:/C:/Users/Johana/Documents/Workspace/Integrador%20POO/Administrador_DelPersonal/src/Service/ServiceEmpresa.java</file>
        </group>
    </open-files>
</project-private>
